{
	"IcoMoonType": "selection",
	"icons": [
		{
			"icon": {
				"paths": [
					"M832 64h-640l-192 192v672c0 17.674 14.326 32 32 32h960c17.672 0 32-14.326 32-32v-672l-192-192zM512 832l-320-256h192v-192h256v192h192l-320 256zM154.51 192l64-64h586.978l64 64h-714.978z"
				],
				"tags": [
					"box-add",
					"box",
					"download",
					"storage",
					"inbox",
					"archive"
				],
				"defaultCode": 59742,
				"grid": 16,
				"attrs": []
			},
			"attrs": [],
			"properties": {
				"ligatures": "box-add, box3",
				"name": "box-add",
				"order": 2,
				"id": 95,
				"prevSize": 32
			},
			"setIdx": 0,
			"setId": 1,
			"iconIdx": 94
		}
	],
	"height": 1024,
	"preferences": {
		"showGlyphs": true,
		"showQuickUse": true,
		"showQuickUse2": true,
		"showSVGs": true,
		"fontPref": {
			"prefix": "icon-",
			"metadata": {
				"fontFamily": "icomoon"
			},
			"metrics": {
				"emSize": 1024,
				"baseline": 6.25,
				"whitespace": 50
			},
			"embed": false
		},
		"imagePref": {
			"prefix": "icon-",
			"png": true,
			"useClassSelector": true,
			"color": 0,
			"bgColor": 16777215,
			"classSelector": ".icon"
		},
		"historySize": 100,
		"showCodes": true,
		"gridSize": 16
	}
}